User ID,Role,Password
D001,Doctor,5e884898da28047151d0e56f8dc6292773603d0d6aabbdd62a11ef721d1542d8
D002,Doctor,5e884898da28047151d0e56f8dc6292773603d0d6aabbdd62a11ef721d1542d8
P001,Pharmacist,TEST
A001,Administrator,5e884898da28047151d0e56f8dc6292773603d0d6aabbdd62a11ef721d1542d8
P1001,Patient,5e884898da28047151d0e56f8dc6292773603d0d6aabbdd62a11ef721d1542d8
P1002,Patient,5e884898da28047151d0e56f8dc6292773603d0d6aabbdd62a11ef721d1542d8
P1003,Patient,5e884898da28047151d0e56f8dc6292773603d0d6aabbdd62a11ef721d1542d8
P1004,Patient,5e884898da28047151d0e56f8dc6292773603d0d6aabbdd62a11ef721d1542d8
P002,Pharmacist,1234
